{
  "version": 1,
  "author": "BagzNotMe!",
  "editor": "wokwi",
  "parts": [
    { "type": "wokwi-breadboard-mini", "id": "bb1", "top": 104.2, "left": 333.6, "attrs": {} },
    { "type": "wokwi-arduino-uno", "id": "uno", "top": 135, "left": -183, "attrs": {} },
    {
      "type": "wokwi-ntc-temperature-sensor",
      "id": "ntc1",
      "top": -170.2,
      "left": 114.6,
      "attrs": {}
    },
    {
      "type": "wokwi-ntc-temperature-sensor",
      "id": "ntc2",
      "top": -74.2,
      "left": 114.6,
      "attrs": {}
    },
    {
      "type": "wokwi-ntc-temperature-sensor",
      "id": "ntc3",
      "top": 21.8,
      "left": 114.6,
      "attrs": {}
    },
    {
      "type": "wokwi-resistor",
      "id": "r1",
      "top": 177.6,
      "left": 441.05,
      "rotate": 90,
      "attrs": { "value": "1000" }
    },
    { "type": "wokwi-led", "id": "led1", "top": 73.2, "left": 455, "attrs": { "color": "green" } },
    { "type": "wokwi-led", "id": "led2", "top": 73.2, "left": 435.8, "attrs": { "color": "red" } },
    {
      "type": "wokwi-resistor",
      "id": "r2",
      "top": 177.6,
      "left": 421.85,
      "rotate": 90,
      "attrs": { "value": "1000" }
    }
  ],
  "connections": [
    [ "ntc3:OUT", "uno:A1", "green", [ "h28.8", "v297.5", "h-19.2" ] ],
    [ "ntc2:OUT", "uno:A2", "green", [ "h28.8", "v383.9", "h-240" ] ],
    [ "ntc1:OUT", "uno:A3", "green", [ "h28.8", "v470.3", "h-220.8" ] ],
    [ "ntc3:GND", "bb1:9t.a", "black", [ "h0" ] ],
    [ "ntc2:GND", "bb1:9t.b", "black", [ "h0" ] ],
    [ "ntc1:GND", "bb1:9t.c", "black", [ "h0" ] ],
    [ "uno:GND.3", "bb1:9b.j", "black", [ "v47.9", "h436" ] ],
    [ "bb1:9t.e", "bb1:9b.f", "black", [ "v0" ] ],
    [ "uno:3", "bb1:15t.c", "green", [ "v-28.8", "h128.8", "v19.2" ] ],
    [ "ntc3:VCC", "bb1:1b.f", "red", [ "h48", "v124.8" ] ],
    [ "ntc2:VCC", "bb1:1b.g", "red", [ "h48", "v48" ] ],
    [ "ntc1:VCC", "bb1:1b.h", "red", [ "h48", "v345.6" ] ],
    [ "uno:5V", "bb1:1b.j", "red", [ "v9.5", "h349.4" ] ],
    [ "uno:5", "bb1:13t.b", "red", [ "v0" ] ],
    [ "bb1:14b.j", "bb1:9b.i", "green", [ "v0" ] ],
    [ "led1:A", "bb1:15t.a", "", [ "$bb" ] ],
    [ "led1:C", "bb1:14t.a", "", [ "$bb" ] ],
    [ "led2:A", "bb1:13t.a", "", [ "$bb" ] ],
    [ "led2:C", "bb1:12t.a", "", [ "$bb" ] ],
    [ "r1:1", "bb1:14t.e", "", [ "$bb" ] ],
    [ "r1:2", "bb1:14b.i", "", [ "$bb" ] ],
    [ "r2:1", "bb1:12t.e", "", [ "$bb" ] ],
    [ "r2:2", "bb1:12b.i", "", [ "$bb" ] ],
    [ "bb1:12b.j", "bb1:9b.h", "green", [ "v0" ] ]
  ],
  "dependencies": {}
}